Reference, Reference URL, Reference Perpendicular Baseline (meters),Secondary, Secondary URL, Secondary Perpendicular Baseline (meters),Pair Temporal Baseline (days)
S1A_IW_SLC__1SDV_20200611T220748_20200611T220814_032975_03D1CD_4405,https://datapool.asf.alaska.edu/SLC/SA/S1A_IW_SLC__1SDV_20200611T220748_20200611T220814_032975_03D1CD_4405.zip,-106,S1A_IW_SLC__1SDV_20200623T220748_20200623T220815_033150_03D722_E41D,https://datapool.asf.alaska.edu/SLC/SA/S1A_IW_SLC__1SDV_20200623T220748_20200623T220815_033150_03D722_E41D.zip,-91,12
S1A_IW_SLC__1SDV_20200810T220751_20200810T220818_033850_03ECDA_1253,https://datapool.asf.alaska.edu/SLC/SA/S1A_IW_SLC__1SDV_20200810T220751_20200810T220818_033850_03ECDA_1253.zip,-47,S1A_IW_SLC__1SDV_20200822T220752_20200822T220819_034025_03F303_6E20,https://datapool.asf.alaska.edu/SLC/SA/S1A_IW_SLC__1SDV_20200822T220752_20200822T220819_034025_03F303_6E20.zip,-95,12
S1A_IW_SLC__1SDV_20200822T220752_20200822T220819_034025_03F303_6E20,https://datapool.asf.alaska.edu/SLC/SA/S1A_IW_SLC__1SDV_20200822T220752_20200822T220819_034025_03F303_6E20.zip,-95,S1A_IW_SLC__1SDV_20200903T220752_20200903T220819_034200_03F929_DDA5,https://datapool.asf.alaska.edu/SLC/SA/S1A_IW_SLC__1SDV_20200903T220752_20200903T220819_034200_03F929_DDA5.zip,-113,12
S1A_IW_SLC__1SDV_20200903T220752_20200903T220819_034200_03F929_DDA5,https://datapool.asf.alaska.edu/SLC/SA/S1A_IW_SLC__1SDV_20200903T220752_20200903T220819_034200_03F929_DDA5.zip,-113,S1A_IW_SLC__1SDV_20200915T220753_20200915T220820_034375_03FF55_DD94,https://datapool.asf.alaska.edu/SLC/SA/S1A_IW_SLC__1SDV_20200915T220753_20200915T220820_034375_03FF55_DD94.zip,-90,12
S1A_IW_SLC__1SDV_20200915T220753_20200915T220820_034375_03FF55_DD94,https://datapool.asf.alaska.edu/SLC/SA/S1A_IW_SLC__1SDV_20200915T220753_20200915T220820_034375_03FF55_DD94.zip,-90,S1A_IW_SLC__1SDV_20200927T220753_20200927T220820_034550_040584_F8ED,https://datapool.asf.alaska.edu/SLC/SA/S1A_IW_SLC__1SDV_20200927T220753_20200927T220820_034550_040584_F8ED.zip,-54,12
S1A_IW_SLC__1SDV_20200927T220753_20200927T220820_034550_040584_F8ED,https://datapool.asf.alaska.edu/SLC/SA/S1A_IW_SLC__1SDV_20200927T220753_20200927T220820_034550_040584_F8ED.zip,-54,S1A_IW_SLC__1SDV_20201009T220753_20201009T220820_034725_040BA3_93B8,https://datapool.asf.alaska.edu/SLC/SA/S1A_IW_SLC__1SDV_20201009T220753_20201009T220820_034725_040BA3_93B8.zip,26,12
S1A_IW_SLC__1SDV_20201009T220753_20201009T220820_034725_040BA3_93B8,https://datapool.asf.alaska.edu/SLC/SA/S1A_IW_SLC__1SDV_20201009T220753_20201009T220820_034725_040BA3_93B8.zip,26,S1A_IW_SLC__1SDV_20201021T220753_20201021T220820_034900_0411BA_EB2A,https://datapool.asf.alaska.edu/SLC/SA/S1A_IW_SLC__1SDV_20201021T220753_20201021T220820_034900_0411BA_EB2A.zip,-84,12
S1A_IW_SLC__1SDV_20201021T220753_20201021T220820_034900_0411BA_EB2A,https://datapool.asf.alaska.edu/SLC/SA/S1A_IW_SLC__1SDV_20201021T220753_20201021T220820_034900_0411BA_EB2A.zip,-84,S1A_IW_SLC__1SDV_20201102T220753_20201102T220820_035075_0417BD_0842,https://datapool.asf.alaska.edu/SLC/SA/S1A_IW_SLC__1SDV_20201102T220753_20201102T220820_035075_0417BD_0842.zip,-77,12
S1A_IW_SLC__1SDV_20201102T220753_20201102T220820_035075_0417BD_0842,https://datapool.asf.alaska.edu/SLC/SA/S1A_IW_SLC__1SDV_20201102T220753_20201102T220820_035075_0417BD_0842.zip,-77,S1A_IW_SLC__1SDV_20201114T220753_20201114T220820_035250_041DDC_F8B0,https://datapool.asf.alaska.edu/SLC/SA/S1A_IW_SLC__1SDV_20201114T220753_20201114T220820_035250_041DDC_F8B0.zip,-87,12
S1A_IW_SLC__1SDV_20201114T220753_20201114T220820_035250_041DDC_F8B0,https://datapool.asf.alaska.edu/SLC/SA/S1A_IW_SLC__1SDV_20201114T220753_20201114T220820_035250_041DDC_F8B0.zip,-87,S1A_IW_SLC__1SDV_20201126T220753_20201126T220820_035425_0423E1_59D3,https://datapool.asf.alaska.edu/SLC/SA/S1A_IW_SLC__1SDV_20201126T220753_20201126T220820_035425_0423E1_59D3.zip,-191,12
S1A_IW_SLC__1SDV_20201126T220753_20201126T220820_035425_0423E1_59D3,https://datapool.asf.alaska.edu/SLC/SA/S1A_IW_SLC__1SDV_20201126T220753_20201126T220820_035425_0423E1_59D3.zip,-191,S1A_IW_SLC__1SDV_20201208T220752_20201208T220819_035600_0429F2_F201,https://datapool.asf.alaska.edu/SLC/SA/S1A_IW_SLC__1SDV_20201208T220752_20201208T220819_035600_0429F2_F201.zip,-75,12
S1A_IW_SLC__1SDV_20201208T220752_20201208T220819_035600_0429F2_F201,https://datapool.asf.alaska.edu/SLC/SA/S1A_IW_SLC__1SDV_20201208T220752_20201208T220819_035600_0429F2_F201.zip,-75,S1A_IW_SLC__1SDV_20201220T220752_20201220T220819_035775_042FF2_CDA3,https://datapool.asf.alaska.edu/SLC/SA/S1A_IW_SLC__1SDV_20201220T220752_20201220T220819_035775_042FF2_CDA3.zip,-44,12
S1A_IW_SLC__1SDV_20201220T220752_20201220T220819_035775_042FF2_CDA3,https://datapool.asf.alaska.edu/SLC/SA/S1A_IW_SLC__1SDV_20201220T220752_20201220T220819_035775_042FF2_CDA3.zip,-44,S1A_IW_SLC__1SDV_20210101T220751_20210101T220818_035950_043606_CFF0,https://datapool.asf.alaska.edu/SLC/SA/S1A_IW_SLC__1SDV_20210101T220751_20210101T220818_035950_043606_CFF0.zip,-50,12
S1A_IW_SLC__1SDV_20210101T220751_20210101T220818_035950_043606_CFF0,https://datapool.asf.alaska.edu/SLC/SA/S1A_IW_SLC__1SDV_20210101T220751_20210101T220818_035950_043606_CFF0.zip,-50,S1A_IW_SLC__1SDV_20210113T220751_20210113T220818_036125_043C3B_B807,https://datapool.asf.alaska.edu/SLC/SA/S1A_IW_SLC__1SDV_20210113T220751_20210113T220818_036125_043C3B_B807.zip,-75,12
S1A_IW_SLC__1SDV_20210113T220751_20210113T220818_036125_043C3B_B807,https://datapool.asf.alaska.edu/SLC/SA/S1A_IW_SLC__1SDV_20210113T220751_20210113T220818_036125_043C3B_B807.zip,-75,S1A_IW_SLC__1SDV_20210125T220750_20210125T220817_036300_044247_4761,https://datapool.asf.alaska.edu/SLC/SA/S1A_IW_SLC__1SDV_20210125T220750_20210125T220817_036300_044247_4761.zip,-97,12
S1A_IW_SLC__1SDV_20210125T220750_20210125T220817_036300_044247_4761,https://datapool.asf.alaska.edu/SLC/SA/S1A_IW_SLC__1SDV_20210125T220750_20210125T220817_036300_044247_4761.zip,-97,S1A_IW_SLC__1SDV_20210206T220750_20210206T220817_036475_044850_2D27,https://datapool.asf.alaska.edu/SLC/SA/S1A_IW_SLC__1SDV_20210206T220750_20210206T220817_036475_044850_2D27.zip,-89,12
S1A_IW_SLC__1SDV_20210206T220750_20210206T220817_036475_044850_2D27,https://datapool.asf.alaska.edu/SLC/SA/S1A_IW_SLC__1SDV_20210206T220750_20210206T220817_036475_044850_2D27.zip,-89,S1A_IW_SLC__1SDV_20210218T220749_20210218T220816_036650_044E6F_0ED6,https://datapool.asf.alaska.edu/SLC/SA/S1A_IW_SLC__1SDV_20210218T220749_20210218T220816_036650_044E6F_0ED6.zip,-131,12
S1A_IW_SLC__1SDV_20210218T220749_20210218T220816_036650_044E6F_0ED6,https://datapool.asf.alaska.edu/SLC/SA/S1A_IW_SLC__1SDV_20210218T220749_20210218T220816_036650_044E6F_0ED6.zip,-131,S1A_IW_SLC__1SDV_20210302T220749_20210302T220816_036825_04547E_7175,https://datapool.asf.alaska.edu/SLC/SA/S1A_IW_SLC__1SDV_20210302T220749_20210302T220816_036825_04547E_7175.zip,-125,12
S1A_IW_SLC__1SDV_20210302T220749_20210302T220816_036825_04547E_7175,https://datapool.asf.alaska.edu/SLC/SA/S1A_IW_SLC__1SDV_20210302T220749_20210302T220816_036825_04547E_7175.zip,-125,S1A_IW_SLC__1SDV_20210314T220749_20210314T220816_037000_045A9C_A82D,https://datapool.asf.alaska.edu/SLC/SA/S1A_IW_SLC__1SDV_20210314T220749_20210314T220816_037000_045A9C_A82D.zip,-101,12
S1A_IW_SLC__1SDV_20210314T220749_20210314T220816_037000_045A9C_A82D,https://datapool.asf.alaska.edu/SLC/SA/S1A_IW_SLC__1SDV_20210314T220749_20210314T220816_037000_045A9C_A82D.zip,-101,S1A_IW_SLC__1SDV_20210326T220750_20210326T220817_037175_0460A8_B1C4,https://datapool.asf.alaska.edu/SLC/SA/S1A_IW_SLC__1SDV_20210326T220750_20210326T220817_037175_0460A8_B1C4.zip,-86,12
S1A_IW_SLC__1SDV_20210419T220751_20210419T220818_037525_046CC2_717E,https://datapool.asf.alaska.edu/SLC/SA/S1A_IW_SLC__1SDV_20210419T220751_20210419T220818_037525_046CC2_717E.zip,-101,S1A_IW_SLC__1SDV_20210501T220751_20210501T220818_037700_0472D6_8AAB,https://datapool.asf.alaska.edu/SLC/SA/S1A_IW_SLC__1SDV_20210501T220751_20210501T220818_037700_0472D6_8AAB.zip,-192,12
S1A_IW_SLC__1SDV_20210501T220751_20210501T220818_037700_0472D6_8AAB,https://datapool.asf.alaska.edu/SLC/SA/S1A_IW_SLC__1SDV_20210501T220751_20210501T220818_037700_0472D6_8AAB.zip,-192,S1A_IW_SLC__1SDV_20210513T220752_20210513T220819_037875_047859_6D7E,https://datapool.asf.alaska.edu/SLC/SA/S1A_IW_SLC__1SDV_20210513T220752_20210513T220819_037875_047859_6D7E.zip,-85,12
S1A_IW_SLC__1SDV_20210724T220756_20210724T220823_038925_0497CF_E928,https://datapool.asf.alaska.edu/SLC/SA/S1A_IW_SLC__1SDV_20210724T220756_20210724T220823_038925_0497CF_E928.zip,-123,S1A_IW_SLC__1SDV_20210805T220757_20210805T220824_039100_049D2A_5418,https://datapool.asf.alaska.edu/SLC/SA/S1A_IW_SLC__1SDV_20210805T220757_20210805T220824_039100_049D2A_5418.zip,-71,12
S1A_IW_SLC__1SDV_20210805T220757_20210805T220824_039100_049D2A_5418,https://datapool.asf.alaska.edu/SLC/SA/S1A_IW_SLC__1SDV_20210805T220757_20210805T220824_039100_049D2A_5418.zip,-71,S1A_IW_SLC__1SDV_20210817T220757_20210817T220824_039275_04A339_4957,https://datapool.asf.alaska.edu/SLC/SA/S1A_IW_SLC__1SDV_20210817T220757_20210817T220824_039275_04A339_4957.zip,-72,12
S1A_IW_SLC__1SDV_20210817T220757_20210817T220824_039275_04A339_4957,https://datapool.asf.alaska.edu/SLC/SA/S1A_IW_SLC__1SDV_20210817T220757_20210817T220824_039275_04A339_4957.zip,-72,S1A_IW_SLC__1SDV_20210829T220758_20210829T220825_039450_04A92A_BC43,https://datapool.asf.alaska.edu/SLC/SA/S1A_IW_SLC__1SDV_20210829T220758_20210829T220825_039450_04A92A_BC43.zip,-66,12
S1A_IW_SLC__1SDV_20210829T220758_20210829T220825_039450_04A92A_BC43,https://datapool.asf.alaska.edu/SLC/SA/S1A_IW_SLC__1SDV_20210829T220758_20210829T220825_039450_04A92A_BC43.zip,-66,S1A_IW_SLC__1SDV_20210910T220758_20210910T220825_039625_04AF3F_AB1A,https://datapool.asf.alaska.edu/SLC/SA/S1A_IW_SLC__1SDV_20210910T220758_20210910T220825_039625_04AF3F_AB1A.zip,-80,12
S1A_IW_SLC__1SDV_20210910T220758_20210910T220825_039625_04AF3F_AB1A,https://datapool.asf.alaska.edu/SLC/SA/S1A_IW_SLC__1SDV_20210910T220758_20210910T220825_039625_04AF3F_AB1A.zip,-80,S1A_IW_SLC__1SDV_20210922T220759_20210922T220826_039800_04B524_15BA,https://datapool.asf.alaska.edu/SLC/SA/S1A_IW_SLC__1SDV_20210922T220759_20210922T220826_039800_04B524_15BA.zip,-110,12
S1A_IW_SLC__1SDV_20210922T220759_20210922T220826_039800_04B524_15BA,https://datapool.asf.alaska.edu/SLC/SA/S1A_IW_SLC__1SDV_20210922T220759_20210922T220826_039800_04B524_15BA.zip,-110,S1A_IW_SLC__1SDV_20211004T220759_20211004T220826_039975_04BB41_A7BB,https://datapool.asf.alaska.edu/SLC/SA/S1A_IW_SLC__1SDV_20211004T220759_20211004T220826_039975_04BB41_A7BB.zip,-93,12
S1A_IW_SLC__1SDV_20211004T220759_20211004T220826_039975_04BB41_A7BB,https://datapool.asf.alaska.edu/SLC/SA/S1A_IW_SLC__1SDV_20211004T220759_20211004T220826_039975_04BB41_A7BB.zip,-93,S1A_IW_SLC__1SDV_20211016T220759_20211016T220826_040150_04C14D_D96E,https://datapool.asf.alaska.edu/SLC/SA/S1A_IW_SLC__1SDV_20211016T220759_20211016T220826_040150_04C14D_D96E.zip,-64,12
S1A_IW_SLC__1SDV_20211016T220759_20211016T220826_040150_04C14D_D96E,https://datapool.asf.alaska.edu/SLC/SA/S1A_IW_SLC__1SDV_20211016T220759_20211016T220826_040150_04C14D_D96E.zip,-64,S1A_IW_SLC__1SDV_20211028T220759_20211028T220826_040325_04C760_6DD7,https://datapool.asf.alaska.edu/SLC/SA/S1A_IW_SLC__1SDV_20211028T220759_20211028T220826_040325_04C760_6DD7.zip,-39,12
S1A_IW_SLC__1SDV_20211028T220759_20211028T220826_040325_04C760_6DD7,https://datapool.asf.alaska.edu/SLC/SA/S1A_IW_SLC__1SDV_20211028T220759_20211028T220826_040325_04C760_6DD7.zip,-39,S1A_IW_SLC__1SDV_20211109T220759_20211109T220826_040500_04CD81_5EF6,https://datapool.asf.alaska.edu/SLC/SA/S1A_IW_SLC__1SDV_20211109T220759_20211109T220826_040500_04CD81_5EF6.zip,-59,12
S1A_IW_SLC__1SDV_20211109T220759_20211109T220826_040500_04CD81_5EF6,https://datapool.asf.alaska.edu/SLC/SA/S1A_IW_SLC__1SDV_20211109T220759_20211109T220826_040500_04CD81_5EF6.zip,-59,S1A_IW_SLC__1SDV_20211121T220759_20211121T220826_040675_04D385_188F,https://datapool.asf.alaska.edu/SLC/SA/S1A_IW_SLC__1SDV_20211121T220759_20211121T220826_040675_04D385_188F.zip,-22,12
S1A_IW_SLC__1SDV_20211121T220759_20211121T220826_040675_04D385_188F,https://datapool.asf.alaska.edu/SLC/SA/S1A_IW_SLC__1SDV_20211121T220759_20211121T220826_040675_04D385_188F.zip,-22,S1A_IW_SLC__1SDV_20211203T220758_20211203T220825_040850_04D9A1_B3C2,https://datapool.asf.alaska.edu/SLC/SA/S1A_IW_SLC__1SDV_20211203T220758_20211203T220825_040850_04D9A1_B3C2.zip,-86,12
S1A_IW_SLC__1SDV_20211203T220758_20211203T220825_040850_04D9A1_B3C2,https://datapool.asf.alaska.edu/SLC/SA/S1A_IW_SLC__1SDV_20211203T220758_20211203T220825_040850_04D9A1_B3C2.zip,-86,S1A_IW_SLC__1SDV_20211215T220758_20211215T220825_041025_04DF9D_E044,https://datapool.asf.alaska.edu/SLC/SA/S1A_IW_SLC__1SDV_20211215T220758_20211215T220825_041025_04DF9D_E044.zip,-77,12
S1A_IW_SLC__1SDV_20211215T220758_20211215T220825_041025_04DF9D_E044,https://datapool.asf.alaska.edu/SLC/SA/S1A_IW_SLC__1SDV_20211215T220758_20211215T220825_041025_04DF9D_E044.zip,-77,S1A_IW_SLC__1SDV_20211227T220757_20211227T220824_041200_04E561_98CD,https://datapool.asf.alaska.edu/SLC/SA/S1A_IW_SLC__1SDV_20211227T220757_20211227T220824_041200_04E561_98CD.zip,-128,12
S1A_IW_SLC__1SDV_20211227T220757_20211227T220824_041200_04E561_98CD,https://datapool.asf.alaska.edu/SLC/SA/S1A_IW_SLC__1SDV_20211227T220757_20211227T220824_041200_04E561_98CD.zip,-128,S1A_IW_SLC__1SDV_20220108T220756_20220108T220823_041375_04EB57_EA4F,https://datapool.asf.alaska.edu/SLC/SA/S1A_IW_SLC__1SDV_20220108T220756_20220108T220823_041375_04EB57_EA4F.zip,-48,12
S1A_IW_SLC__1SDV_20220108T220756_20220108T220823_041375_04EB57_EA4F,https://datapool.asf.alaska.edu/SLC/SA/S1A_IW_SLC__1SDV_20220108T220756_20220108T220823_041375_04EB57_EA4F.zip,-48,S1A_IW_SLC__1SDV_20220120T220756_20220120T220823_041550_04F10D_E5C1,https://datapool.asf.alaska.edu/SLC/SA/S1A_IW_SLC__1SDV_20220120T220756_20220120T220823_041550_04F10D_E5C1.zip,-123,12
S1A_IW_SLC__1SDV_20220120T220756_20220120T220823_041550_04F10D_E5C1,https://datapool.asf.alaska.edu/SLC/SA/S1A_IW_SLC__1SDV_20220120T220756_20220120T220823_041550_04F10D_E5C1.zip,-123,S1A_IW_SLC__1SDV_20220201T220755_20220201T220822_041725_04F70B_C513,https://datapool.asf.alaska.edu/SLC/SA/S1A_IW_SLC__1SDV_20220201T220755_20220201T220822_041725_04F70B_C513.zip,-155,12
S1A_IW_SLC__1SDV_20220201T220755_20220201T220822_041725_04F70B_C513,https://datapool.asf.alaska.edu/SLC/SA/S1A_IW_SLC__1SDV_20220201T220755_20220201T220822_041725_04F70B_C513.zip,-155,S1A_IW_SLC__1SDV_20220213T220755_20220213T220822_041900_04FD26_87D8,https://datapool.asf.alaska.edu/SLC/SA/S1A_IW_SLC__1SDV_20220213T220755_20220213T220822_041900_04FD26_87D8.zip,-72,12
S1A_IW_SLC__1SDV_20220213T220755_20220213T220822_041900_04FD26_87D8,https://datapool.asf.alaska.edu/SLC/SA/S1A_IW_SLC__1SDV_20220213T220755_20220213T220822_041900_04FD26_87D8.zip,-72,S1A_IW_SLC__1SDV_20220225T220755_20220225T220822_042075_050331_F811,https://datapool.asf.alaska.edu/SLC/SA/S1A_IW_SLC__1SDV_20220225T220755_20220225T220822_042075_050331_F811.zip,-62,12
S1A_IW_SLC__1SDV_20220225T220755_20220225T220822_042075_050331_F811,https://datapool.asf.alaska.edu/SLC/SA/S1A_IW_SLC__1SDV_20220225T220755_20220225T220822_042075_050331_F811.zip,-62,S1A_IW_SLC__1SDV_20220309T220755_20220309T220822_042250_050927_05EE,https://datapool.asf.alaska.edu/SLC/SA/S1A_IW_SLC__1SDV_20220309T220755_20220309T220822_042250_050927_05EE.zip,-118,12
S1A_IW_SLC__1SDV_20220309T220755_20220309T220822_042250_050927_05EE,https://datapool.asf.alaska.edu/SLC/SA/S1A_IW_SLC__1SDV_20220309T220755_20220309T220822_042250_050927_05EE.zip,-118,S1A_IW_SLC__1SDV_20220321T220755_20220321T220822_042425_050F16_BB8D,https://datapool.asf.alaska.edu/SLC/SA/S1A_IW_SLC__1SDV_20220321T220755_20220321T220822_042425_050F16_BB8D.zip,-10,12
S1A_IW_SLC__1SDV_20220321T220755_20220321T220822_042425_050F16_BB8D,https://datapool.asf.alaska.edu/SLC/SA/S1A_IW_SLC__1SDV_20220321T220755_20220321T220822_042425_050F16_BB8D.zip,-10,S1A_IW_SLC__1SDV_20220402T220756_20220402T220822_042600_051504_07DB,https://datapool.asf.alaska.edu/SLC/SA/S1A_IW_SLC__1SDV_20220402T220756_20220402T220822_042600_051504_07DB.zip,-15,12
S1A_IW_SLC__1SDV_20220402T220756_20220402T220822_042600_051504_07DB,https://datapool.asf.alaska.edu/SLC/SA/S1A_IW_SLC__1SDV_20220402T220756_20220402T220822_042600_051504_07DB.zip,-15,S1A_IW_SLC__1SDV_20220414T220756_20220414T220823_042775_051AE6_6F0E,https://datapool.asf.alaska.edu/SLC/SA/S1A_IW_SLC__1SDV_20220414T220756_20220414T220823_042775_051AE6_6F0E.zip,-109,12
S1A_IW_SLC__1SDV_20220414T220756_20220414T220823_042775_051AE6_6F0E,https://datapool.asf.alaska.edu/SLC/SA/S1A_IW_SLC__1SDV_20220414T220756_20220414T220823_042775_051AE6_6F0E.zip,-109,S1A_IW_SLC__1SDV_20220426T220756_20220426T220823_042950_0520A6_24B2,https://datapool.asf.alaska.edu/SLC/SA/S1A_IW_SLC__1SDV_20220426T220756_20220426T220823_042950_0520A6_24B2.zip,-41,12
S1A_IW_SLC__1SDV_20220426T220756_20220426T220823_042950_0520A6_24B2,https://datapool.asf.alaska.edu/SLC/SA/S1A_IW_SLC__1SDV_20220426T220756_20220426T220823_042950_0520A6_24B2.zip,-41,S1A_IW_SLC__1SDV_20220508T220757_20220508T220824_043125_05267B_B066,https://datapool.asf.alaska.edu/SLC/SA/S1A_IW_SLC__1SDV_20220508T220757_20220508T220824_043125_05267B_B066.zip,-142,12
S1A_IW_SLC__1SDV_20220613T220800_20220613T220826_043650_05361E_8B70,https://datapool.asf.alaska.edu/SLC/SA/S1A_IW_SLC__1SDV_20220613T220800_20220613T220826_043650_05361E_8B70.zip,-68,S1A_IW_SLC__1SDV_20220625T220800_20220625T220827_043825_053B64_1E16,https://datapool.asf.alaska.edu/SLC/SA/S1A_IW_SLC__1SDV_20220625T220800_20220625T220827_043825_053B64_1E16.zip,-8,12
S1A_IW_SLC__1SDV_20220625T220800_20220625T220827_043825_053B64_1E16,https://datapool.asf.alaska.edu/SLC/SA/S1A_IW_SLC__1SDV_20220625T220800_20220625T220827_043825_053B64_1E16.zip,-8,S1A_IW_SLC__1SDV_20220707T220801_20220707T220828_044000_054091_8743,https://datapool.asf.alaska.edu/SLC/SA/S1A_IW_SLC__1SDV_20220707T220801_20220707T220828_044000_054091_8743.zip,-39,12
S1A_IW_SLC__1SDV_20220812T220803_20220812T220830_044525_05504E_D2A1,https://datapool.asf.alaska.edu/SLC/SA/S1A_IW_SLC__1SDV_20220812T220803_20220812T220830_044525_05504E_D2A1.zip,-90,S1A_IW_SLC__1SDV_20220824T220804_20220824T220831_044700_05563D_406B,https://datapool.asf.alaska.edu/SLC/SA/S1A_IW_SLC__1SDV_20220824T220804_20220824T220831_044700_05563D_406B.zip,-116,12
S1A_IW_SLC__1SDV_20220824T220804_20220824T220831_044700_05563D_406B,https://datapool.asf.alaska.edu/SLC/SA/S1A_IW_SLC__1SDV_20220824T220804_20220824T220831_044700_05563D_406B.zip,-116,S1A_IW_SLC__1SDV_20220905T220805_20220905T220832_044875_055C24_222E,https://datapool.asf.alaska.edu/SLC/SA/S1A_IW_SLC__1SDV_20220905T220805_20220905T220832_044875_055C24_222E.zip,121,12
S1A_IW_SLC__1SDV_20220905T220805_20220905T220832_044875_055C24_222E,https://datapool.asf.alaska.edu/SLC/SA/S1A_IW_SLC__1SDV_20220905T220805_20220905T220832_044875_055C24_222E.zip,121,S1A_IW_SLC__1SDV_20220917T220805_20220917T220831_045050_056203_00DC,https://datapool.asf.alaska.edu/SLC/SA/S1A_IW_SLC__1SDV_20220917T220805_20220917T220831_045050_056203_00DC.zip,-114,12
S1A_IW_SLC__1SDV_20220917T220805_20220917T220831_045050_056203_00DC,https://datapool.asf.alaska.edu/SLC/SA/S1A_IW_SLC__1SDV_20220917T220805_20220917T220831_045050_056203_00DC.zip,-114,S1A_IW_SLC__1SDV_20220929T220805_20220929T220832_045225_0567DC_2B58,https://datapool.asf.alaska.edu/SLC/SA/S1A_IW_SLC__1SDV_20220929T220805_20220929T220832_045225_0567DC_2B58.zip,-26,12
S1A_IW_SLC__1SDV_20220929T220805_20220929T220832_045225_0567DC_2B58,https://datapool.asf.alaska.edu/SLC/SA/S1A_IW_SLC__1SDV_20220929T220805_20220929T220832_045225_0567DC_2B58.zip,-26,S1A_IW_SLC__1SDV_20221011T220805_20221011T220832_045400_056DC5_3CD0,https://datapool.asf.alaska.edu/SLC/SA/S1A_IW_SLC__1SDV_20221011T220805_20221011T220832_045400_056DC5_3CD0.zip,-183,12
S1A_IW_SLC__1SDV_20221011T220805_20221011T220832_045400_056DC5_3CD0,https://datapool.asf.alaska.edu/SLC/SA/S1A_IW_SLC__1SDV_20221011T220805_20221011T220832_045400_056DC5_3CD0.zip,-183,S1A_IW_SLC__1SDV_20221023T220805_20221023T220829_045575_0572F0_AD50,https://datapool.asf.alaska.edu/SLC/SA/S1A_IW_SLC__1SDV_20221023T220805_20221023T220829_045575_0572F0_AD50.zip,-97,12
S1A_IW_SLC__1SDV_20221023T220805_20221023T220829_045575_0572F0_AD50,https://datapool.asf.alaska.edu/SLC/SA/S1A_IW_SLC__1SDV_20221023T220805_20221023T220829_045575_0572F0_AD50.zip,-97,S1A_IW_SLC__1SDV_20221104T220805_20221104T220828_045750_0578D6_8A6F,https://datapool.asf.alaska.edu/SLC/SA/S1A_IW_SLC__1SDV_20221104T220805_20221104T220828_045750_0578D6_8A6F.zip,-165,12
S1A_IW_SLC__1SDV_20221104T220805_20221104T220828_045750_0578D6_8A6F,https://datapool.asf.alaska.edu/SLC/SA/S1A_IW_SLC__1SDV_20221104T220805_20221104T220828_045750_0578D6_8A6F.zip,-165,S1A_IW_SLC__1SDV_20221116T220804_20221116T220828_045925_057EC5_24D6,https://datapool.asf.alaska.edu/SLC/SA/S1A_IW_SLC__1SDV_20221116T220804_20221116T220828_045925_057EC5_24D6.zip,-144,12
S1A_IW_SLC__1SDV_20221116T220804_20221116T220828_045925_057EC5_24D6,https://datapool.asf.alaska.edu/SLC/SA/S1A_IW_SLC__1SDV_20221116T220804_20221116T220828_045925_057EC5_24D6.zip,-144,S1A_IW_SLC__1SDV_20221128T220804_20221128T220828_046100_0584AE_360E,https://datapool.asf.alaska.edu/SLC/SA/S1A_IW_SLC__1SDV_20221128T220804_20221128T220828_046100_0584AE_360E.zip,18,12
S1A_IW_SLC__1SDV_20221128T220804_20221128T220828_046100_0584AE_360E,https://datapool.asf.alaska.edu/SLC/SA/S1A_IW_SLC__1SDV_20221128T220804_20221128T220828_046100_0584AE_360E.zip,18,S1A_IW_SLC__1SDV_20221210T220804_20221210T220831_046275_058AA8_D998,https://datapool.asf.alaska.edu/SLC/SA/S1A_IW_SLC__1SDV_20221210T220804_20221210T220831_046275_058AA8_D998.zip,12,12
S1A_IW_SLC__1SDV_20221210T220804_20221210T220831_046275_058AA8_D998,https://datapool.asf.alaska.edu/SLC/SA/S1A_IW_SLC__1SDV_20221210T220804_20221210T220831_046275_058AA8_D998.zip,12,S1A_IW_SLC__1SDV_20221222T220803_20221222T220826_046450_0590A0_E358,https://datapool.asf.alaska.edu/SLC/SA/S1A_IW_SLC__1SDV_20221222T220803_20221222T220826_046450_0590A0_E358.zip,-147,12
S1A_IW_SLC__1SDV_20221222T220803_20221222T220826_046450_0590A0_E358,https://datapool.asf.alaska.edu/SLC/SA/S1A_IW_SLC__1SDV_20221222T220803_20221222T220826_046450_0590A0_E358.zip,-147,S1A_IW_SLC__1SDV_20230103T220802_20230103T220826_046625_059693_14C9,https://datapool.asf.alaska.edu/SLC/SA/S1A_IW_SLC__1SDV_20230103T220802_20230103T220826_046625_059693_14C9.zip,-129,12
S1A_IW_SLC__1SDV_20230103T220802_20230103T220826_046625_059693_14C9,https://datapool.asf.alaska.edu/SLC/SA/S1A_IW_SLC__1SDV_20230103T220802_20230103T220826_046625_059693_14C9.zip,-129,S1A_IW_SLC__1SDV_20230115T220802_20230115T220825_046800_059C75_E98E,https://datapool.asf.alaska.edu/SLC/SA/S1A_IW_SLC__1SDV_20230115T220802_20230115T220825_046800_059C75_E98E.zip,-225,12
S1A_IW_SLC__1SDV_20230115T220802_20230115T220825_046800_059C75_E98E,https://datapool.asf.alaska.edu/SLC/SA/S1A_IW_SLC__1SDV_20230115T220802_20230115T220825_046800_059C75_E98E.zip,-225,S1A_IW_SLC__1SDV_20230127T220802_20230127T220825_046975_05A25D_3FD3,https://datapool.asf.alaska.edu/SLC/SA/S1A_IW_SLC__1SDV_20230127T220802_20230127T220825_046975_05A25D_3FD3.zip,0,12